ID,Volume,Part,Page,Date,Author,Title,Quotation
part3_p121_a1,Vol.2,part III,p121,1876.,"Haweis, Mary Eliza.","Chaucer for Children ... illustrated
with eight coloured pictures, and numerous woodcuts by the
Author, 1877.
[Published late ","in 1876.]
[With a preface ""To the Mother"" on the reading and
pronunciation of Chaucer, followed by a biographical sketch,
""Chaucer the Tale Teller."" Abridged stories from Prol.,
Knightes, Friers, Clerkes, Frankeleyns and Pardoneres Tales,
Complaint to his Purse, Two Rondeaux (Your yën two and
Sin I fro Love), Virelai and Good Counsel, follow in original
and modernised form with connecting summary.]"
part3_p121_a2,Vol.2,part III,p121,1876.,"Minto, William.","Chaucer, ","[in] Encyclopædia Britannica,
ninth edition. See above, 1778, Unknown, vol. i, p. 452."
part3_p121_a3,Vol.2,part III,p121,1877.,N/A,G. Guide ,"to Chaucer and Spenser. [One of Collins'
School and College Classics.]
[The section given to Chaucer occupies pp. 1-72, and in
this short space is contained a summary of the latest critical
knowledge of his life, sources, language, works and their
chronology, arrangement of the Tales (in two days instead of
four), etc. Fleay rejects the rhyme-test of y, ye, and the
conclusions as to authenticity of poems founded on it,
retaining e. g. 'Chaucer’s Dream' (the Isle of Ladies), and also
disbelieves in Chaucer’s early unhappy love, interpreting his
'sickness' as married life.]
[p. 10] Of the practicability of acquiring it [a sound acquaintance
with Chaucer] at the age of thirteen or thereabouts, I have
had many proofs among my own pupils, from the time when
I first introduced English literature as a specific subject of
education in our grammar schools, now twenty years ago.
The methods I was then almost, if not quite, alone in using,
are now in general practice."
part3_p121_a4,Vol.2,part III,p121,1877.,"Green, John Richard.",Letters ,"to Dr. F. J. Furnivall, [the first
undated, the second dated] March 12, 1877 [in the possession of
Mr. Percy Furnivall].
[1] Anent the Chaucer, I hope our talk cleared your mind
into hopefulness and a practical view of things. What we
really want ('we' being the would-be-intelligent-readers-of-
Chaucer) is simply (1) Sketch of Early English poetry afore
him to bring out the great step he made. (2) His life
with what pictures of men’s ways and manners in his day
you like. (3) An account of his poems one by one in as
chronological an order as is possible, what each is, whence
it came, peculiarities of it, necessary information about it,
and the like. (4) If you like, a chapter on Chaucer influence
on later poetry—And (5) another on Chaucer bibliography.
These are what occur to me. You may perhaps think
of other fitting topics. But anyhow—if you will do a
Division-Sum, and divide 140 pages by the various topics
to be thus treated—you will see how briefly and simply
each will have to be treated—and how simple and easy your
work would be. Do the Life first, in 30 pages or so—then the
series of works—and leave the head and tail of the book
till the last. But do write it.
[2] I am as hungry as ever for your 'Chaucer.' Do let
me have it.
[The book on Chaucer referred to was to form one of the series of primers brought
out by Green; the Chaucer one was eventually written, in 1893 (q.v. below), by
A. W. Pollard.]"
part3_p122_a1,Vol.2,part III,p122,1877.,"Meredith, George.","On the Idea of Comedy, and of the Uses of
the Comic Spirit, ","[in] The New Quarterly Magazine, vol. viii, April,
1877, p. 35. (Works, 1897-8, 34 vols., vol. xxxii, p. 72.)
The Comic spirit is not hostile to the sweetest songfully
poetic. Chaucer bubbles with it: Shakespeare overflows."
part3_p122_a2,Vol.2,part III,p122,1877.,Unknown.,"Chaucer's Lore-Poetry, ","[in] the Cornhill Magazine,
March 1877, vol. XXXV, pp. 280-97.
[p. 281] Before going further, it may be as well to point out how
very small a portion of Chaucer's work decides the special
impression of him which now is historically transmitted from
generation to generation.
If it were possible to take away only a little more than a
tenth part of the poet’s voluminous writings, there would be
left a mass of outlandish recital having nothing whatever to
do with anything we now know of English tastes. Instead
of appearing a broad humourist, with an overpowering love of
nature, painting persons and scenes with exact reality, there
would then seem to be no English poet so artificial, so
romantic, so lackadaisical as Chaucer. The truth is, that the
literary associations for which the mention of his name is the
cue, belong to the Canterbury Tales only. ... If the match¬
less Introduction had not been written, or had been different,
and if he had not included in the list two or three of the
stories, or not given prologues to the others, Chaucer could
not have survived in our literature. Of course there is a
historical explanation for it all. ... Put at its briefest the
explanation is this: his object was to give Englishmen a
literature bodily, instantly as it were, by transferring into
our tongue, such as he found it and made it, the famous
[p. 282] Our business here is instantly to narrow all we have been
achievements of the great foreign writers. ...
saying into the statement, that with the above exceptions,
Chaucer's writings are a lackadaisical exaggeration of one
feeling—Love, and that in them the passion is taken in its
weakest, vainest form of sentimentality. He is, and for ever
will remain, the chief erotic poet of our language."
part3_p123_a1,Vol.2,part III,p123,1878.,N/A,"Rose,
Complaint of the Black Knight, Cuckoo and Nightingale,
Flower and the Leaf, Chaucer's Dream (Isle of Ladies), Court
of Love, Virelai, etc., are declared ","to be spurious. They are
printed in this edition at the end of the genuine works.]"
part3_p123_a2,Vol.2,part III,p123,1878.,"Skeat, Walter William.","See above, Poetical Works.",
part3_p123_a3,Vol.2,part III,p123,1878.,"Storr, Francis (","the Younger), and Turner, Hawes. Canterbury
Chimes, or Chaucer Tales retold for Children. Illustrated by
woodcuts from the Ellesmere ","MS.
[A very free rendering, in simple modern English, of Prol.,
and an abridgment of the Knightes, Man of Law's, Nonne
Prestes, Squieres, Frankeleyns and ""Chaucer’s"" Tales (the last
= Gamelyn, which is purposely inserted instead of Sir Thopas,
as being more suitable; see Preface, p. vi).]"
part3_p124_a1,Vol.2,part III,p124,1879-80.,"Gilman, Arthur.","See above, Poetical Works of Chaucer,
edited by A. Gilman.",
part3_p124_a2,Vol.2,part III,p124,1879-80.,"Lanier, Sidney.","Shakspere and his Forerunners, London,
1902, ","vol. i, pp. xiv, 32, 56-62 [Chaucer’s treatment of Nature in
The Flour and the Lefe], 89, 93-4, 113, 137 [Chaucer's praise of
wifehood], 140, 146-59 [The Clerkes Tale, copious extracts], 162-5 [the
enormous error of calling Chaucer a 'well of English undefiled'],
192 [Chaucer's pronunciation], 202, 277, 287; vol. ii, pp. 19-21
[Chaucer's testimony as to English love of music], 27, 34n., to f. p. 102
[pictures of 'A Poticary and a Pardoner' from the Ellesmere MS.],
188, 221, 298-300 [Knightes Tale and Midsummer Night's Dream],
306, 316-7. [These lectures, printed in 1902, were delivered in
Baltimore during the winter of 1879-80; see Preface.]
[p. 50] Chaucer’s poem The Flower and the Leafe. ... I do not
hesitate to pronounce a far finer poem than any of the Canter¬
bury Tales—in fact, to my thinking, worth all the Canterbury
Tales put together."
part3_p124_a3,Vol.2,part III,p124,1879.,"Ward, Sir Adolphus William.","Chaucer. (English Men of Letters.)
[","p. 146] One very pleasing quality in Chaucer must have been his
modesty. In the course of his life this may have helped to
recommend him to patrons so many and so various, and to
make him the useful and trustworthy agent that he evidently
became for confidential missions abroad. ... To us, of course,
this quality of modesty in Chaucer makes itself principally
manifest in the opinion which he incidentally shows himself
to entertain concerning his own rank and claims as an author.
Herein, as in many other points, a contrast is noticeable
between him and the great Italian masters, who were so
sensitive as to the esteem in which they and their poetry
were held. Chaucer again and again disclaims all boasts of
[p. 147] perfection, or pretensions to pre-eminence, as a poet. . . .
He acknowledges as incontestable the superiority of the
poets of classical antiquity.
[p. 179] Closely allied to Chaucer’s liveliness and gaiety of dis¬
position, and in part springing from them, are his keen sense
of the ridiculous and the power of satire which he has at his
command. His humour has many varieties, ranging from
the refined and half-melancholy irony of the House of Fame
[p. 180] to the ready wit of the sagacious uncle of Cressid, the burl¬
esque fun of the inimitable Nun's Priest's Tale, and the very
gross salt of the Reeve, the Miller, and one or two others. . . .
Concerning, however, Chaucer’s use of the power which he in
so large a measure possessed, viz. that of covering with ridi¬
cule the palpable vices or weaknesses of the classes or
kinds of men represented by some of his character-types,
one assertion may be made with tolerable safety. Whatever
may have been the first stimulus and the ultimate scope of
the wit and humour which he here expended, they are not
to be explained as moral indignation in disguise. And in
truth Chaucer's merriment flows spontaneously from a
source very near the surface; he is so extremely diverting,
because he is so extremely diverted himself.
Herein, too, lies the harmlessness of Chaucer's fun. Its
harmlessness, to wit, for those who are able to read him in
something like the spirit in which he wrote. ...
[p. 181] But the realism of Chaucer is something more than exuber¬
ant love of fun and light-hearted gaiety. He is the first
great painter of character, because he is the first great
observer of it among European writers. . . . More especially
with regard to the manners and ways of women, which
often, while seeming so natural to women themselves, appear
so odd to male observers, Chaucer's eye was ever on the
alert.
[p. 187] His descriptions of nature are as true as his sketches of
human character; and incidental touches in him reveal his
love of the one as unmistakably as his unflagging interest
in the study of the other. Even those May-morning exordia,
in which he was but following a fashion—faithfully observed
both by the French trouvères and by the English romances
translated from their productions and not forgotten by the
author of the earlier part of the Roman de la Rose—always
came from his hands with the freshness of natural truth.
[Chap. IV, Epilogue, giving a sketch of the influence of
Chaucer.]"
part3_p126_a1,Vol.2,part III,p126,1880.,"Arnold, Matthew.","The Study of Poetry, [the General Intro¬
duction ","to The English Poets, 1880, edited by T. H. Ward], pp.
xxxi-xxxvi, xliv, xlv. [Reprinted in Essays in Criticism, 2nd ser.,
1888, pp. 26-34, 49-51.]
[p. xxxi] But in the fourteenth century there comes an Englishman
nourished on this poetry [French romance-poetry], taught his
trade by this poetry, getting words, rhyme, metre from this
poetry; for even of that stanza which the Italians used, and
which Chaucer derived immediately from the Italians, the basis
and suggestion was probably given in France. Chaucer (I
have already named him) fascinated his contemporaries, but so
too did Christian of Troyes and Wolfram of Eschenbach.
Chaucer's power of fascination, however, is enduring; his
poetical importance does not need the assistance of the
historic estimate; it is real. He is a genuine source of joy
and strength, which is flowing still for us and will flow
always. He will be read, as time goes on, far more generally
than he is read now. His language is a cause of difficulty to
us, but so also, and I think in quite as great a degree, is the
language of Burns. In Chaucer's case, as in that of Burns, it
is a difficulty to be unhesitatingly accepted and overcome.
If we ask ourselves wherein consists the immense supe¬
riority of Chaucer's poetry over the romance poetry—why
it is that in passing from this to Chaucer we suddenly feel
ourselves to be in another world, we shall find that his
superiority is both in the substance of his poetry and in the
[p.
style of his poetry. His superiority in substance is given by
xxxii]
his large, free, simple, clear yet kindly view of human life,—
so unlike the total want, in the romance-poets, of all intelli¬
gent command of it. Chaucer has not their helplessness; he
has gained the power to survey the world from a central, a
truly human point of view. We have only to call to mind
the Prologue of The Canterbury Tales. The right comment
upon it is Dryden's 'It is sufficient to say, according to the
proverb, that here is God’s plenty.' And again: 'He is a
perpetual fountain of good sense.' It is by a large, free,
sound representation of things, that poetry, this high criticism
of life, has truth of substance.
Of his style and manner, if we think first of the romance-
poetry and then of Chaucer's divine liquidness of diction, his
divine fluidity of movement, it is difficult to speak temperately.
They are irresistible, and justify all the rapture with which
his successors speak of his ""gold dewdrops of speech.""
Johnson misses the point entirely when he finds fault with
Dryden for ascribing to Chaucer the first refinement of our
numbers, and says that Gower can also show smooth numbers
and easy rhymes. The refinement of our numbers means
something far more than this. A nation may have versifiers
with smooth numbers and easy rhymes, and yet may have
no real poetry at all. Chaucer is the father of our splendid
English poetry; he is our 'well of English undefiled,' because
by the lovely charm of his diction, the lovely charm of his
movement, he makes an epoch and founds a tradition. In
Spenser, Shakespeare, Milton, Keats, we can follow the
tradition of the liquid diction, the fluid movement, of
Chaucer; at one time it is his liquid diction of which in these
poets we feel the virtue, and at another time it is his fluid
movement. And the virtue is irresistible.
[p.
... I must yet find room for an example of Chaucer's
xxxiii]
virtue. ... I feel disposed to say that a single line is enough
to show the charm of Chaucer's verse; that merely one line
like this—
'O martyr souded1 in virginitee!'
has a virtue of manner and movement such as we shall not
1[Arnold's note:] The French soudé; soldered, fixed fast.
find in all the verse of romance-poetry;—but this is saying
nothing. The virtue is such as we shall not find, perhaps, in
all English poetry, outside the poets whom I have named as
the special inheritors of Chaucer's tradition. A single line,
however, is too little if we have not the strain of Chaucer's
verse well in our memory; let us take a stanza. It is from
The Prioress’s Tale, the story of the Christian child murdered
in a Jewry—
'My throte is cut unto my nekké-bone
Saidè this child, and as by way of kinde
I should have deyd, yea, longè time agone [etc.].
Wordsworth has modernised this Tale, and to feel how delicate
and evanescent is the charm of verse, we have only to read
Wordsworth's first three lines of this stanza after Chaucer's—
'My throat is cut unto the bone, I trow,
Said this young child, and by the law of kind
I should have died, yea, many hours ago.'
The charm is departed. It is often said that the power of
liquidness and fluidity in Chaucer's verse was dependent
upon a free, a licentious dealing with language such as is now
impossible; upon a liberty, such as Burns too enjoyed, of
making words like neck bird, into a dissyllable by adding to
[p.
xxxiv]
them, and words like cause, rhyme, into a dissyllable by sound
sounding the e mute. It is true that Chaucer's fluidity is
conjoined with this liberty, and is admirably served by it;
but we ought not to say that it was dependent upon it. It
was dependent upon his talent. Other poets with a like
liberty do not attain to the fluidity of Chaucer; Burns him¬
self does not attain to it. Poets, again, who have a talent
akin to Chaucer's, such as Shakespeare or Keats, have known
how to attain to his fluidity without the like liberty.
And yet Chaucer is not one of the great classics. His
poetry transcends and effaces, easily and without effort, all
the romance-poetry of Catholic Christendom; it transcends
and effaces all the English poetry contemporary with it, it
transcends and effaces all the English poetry subsequent to it
down to the age of Elizabeth. Of such avail is poetic truth
of substance, in its natural and necessary union with poetic
truth of style. And yet, I say, Chaucer is not one of the
great classics. He has not their accent. What is wanting to
him is suggested by the mere mention of the name of the first
great classic of Christendom, the immortal poet who died
eighty years before Chaucer,—Dante. The accent of such
verse as
""In la sua volontade è nostra pace ...""1
is altogether beyond Chaucer's reach; we praise him, but we
feel that this accent is out of the question for him. It may be
said that it was necessarily out of the reach of any poet in
the England of that stage of growth. Possibly; but we are to
adopt a real, not a historic, estimate of poetry. However, we
may account for its absence, something is wanting, then, to
the poetry of Chaucer, which poetry must have before it can
be placed in the glorious class of the best. And there is no
doubt what that something is. It is the σπουδαιότης, the
high and excellent seriousness which Aristotle assigns as one
[p.
xxxv]
of the grand virtues of poetry. The substance of Chaucer's
poetry, his view of things and his criticism of life, has
largeness, freedom, shrewdness, benignity; but it has not
this high seriousness. Homer's criticism of life has it,
Dante's has it, Shakespeare's has it. It is this chiefly
which gives to our spirits what they can rest upon; and with
the increasing demands of our modern ages upon poetry, this
virtue of giving us what we can rest upon will be more and
more highly esteemed. A voice from the slums of Paris, fifty
or sixty years after Chaucer, the voice of poor Villon out of
his life of riot and crime, has at its happy moments (as, for
instance, in the last stanza of La Belle Heaulmière) more of
this important poetic virtue of seriousness than all the pro¬
ductions of Chaucer. But its apparition in Villon, and in
men like Villon, is fitful; the greatness of the great poets,
the power of their criticism of life, is that their virtue is
sustained.
To our praise, therefore, of Chaucer as a poet there must be
this limitation; he lacks the high seriousness of the great
classics, and therefore an important part of their virtue.
Still, the main fact for us to bear in mind about Chaucer is
his sterling value according to that real estimate which we
1 So quoted by Arnold; the original (Paradiso, iii, 86) reads: E la sua volontate ...
firmly adopt for all poets. He has poetic truth of substance
though he has not high poetic seriousness, and corresponding
to his truth of substance he has an exquisite virtue of style
and manner. With him is born our real poetry. ...
The age of Dryden, together with our whole eighteenth
century which followed it, sincerely believed itself to have
produced poetical classics of its own, and even to have made
advance, in poetry, beyond all its predecessors. Dryden
regards as not seriously disputable the opinion 'that the
sweetness of English verse was never understood or practised
by our fathers.'1 Cowley could see nothing at all in Chaucer's
poetry. Dryden heartily admired it, and, as we have seen,
praised its matter admirably; but of its exquisite manner and
movement all he can find to say is that 'there is the rude
sweetness of a Scotch tune in it, which is natural and pleasing,
though not perfect.' Addison, wishing to praise Chaucer's
numbers, compares them with Dryden's own. And all through
the eighteenth century, and down even to our own times, the
stereotyped phrase of approbation for good verse found in our
early poetry has been, that it even approached the verse of
Dryden, Addison, Pope and Johnson. ...
[p. xliv] Burns, like Chaucer, comes short of the high seriousness of
the great classics. ... Yet we may say of him [Burns], as of
Chaucer, that of life and the world, as they come before
[p. xlv] him, his view is large, free, shrewd, benignant,—truly poetic,
therefore; and his manner of rendering what he sees is to
match. But we must note, at the same time, his great differ¬
ence from Chaucer. The freedom of Chaucer is heightened in
Burns, by a fiery, reckless energy; the benignity of Chaucer
deepens, in Burns, into an overwhelming sense of the pathos
of things;—of the pathos of human nature, the pathos, also,
of non-human nature. Instead of the fluidity of Chaucer's
manner, the manner of Burns has spring, bounding swiftness.
Burns is by far the greater force, though he has perhaps
less charm. The world of Chaucer is fairer, richer, more
significant than that of Burns.
1 [Note (unpublished) added by Dr. Furnivall :] We must recollect that, till
Tyrwhitt, no decent edition of the Canterbury Tales was accessible, and till Richard
Morris, none of the Minor Poems. So long as printers and editors disregarded
Chaucer's final e and printed as his, pieces that he never wrote, it was impossible
for any readers to appreciate his poetic powers.—F. J. F."
part3_p131_a1,Vol.2,part III,p131,1880.,"Swinburne, Algernon Charles.","Short Notes on English Poets,
Chaucer, Spenser, the Sonnets of Shakespeare, Milton, ","[in] The
Fortnightly Review, 1880, pp. 708-10. [Reprinted in Mis¬
cellanies, 1886, pp. 2-6, 88, 150, 152, 175.]
[Mr. W. Rossetti, in his Lives of Famous Poets, has selected
four of our poets ""as composing the supreme quadrilateral of
English song.""]
[p.2] It is through no lack of love and reverence for the name of
Chaucer that I must question his right, though the first
narrative poet of England, to stand on that account beside
her first dramatic, her first epic, or her first lyric poet. But,
being certainly unprepared to admit his equality with Shake¬
speare, with Milton, and with Shelley, I would reduce Mr.
Rossetti's mystic four to the old sacred number of three.
Pure or mere narrative is a form essentially and avowedly
inferior to the Iyrical or the dramatic form of poetry; and
the finer line of distinction which marks it off from the epic
marks it also thereby as inferior.
Of all whose names may claim anything like equality of
rank on the roll of national poets—not even excepting Virgil—
we may say that Chaucer borrowed most from abroad, and did
most to improve whatever he borrowed. I believe it would
be but accurate to admit that in all his poems of serious or
tragic narrative we hear a French or Italian tongue speaking
with a Teutonic accent through English lips. It has utterly
unlearnt the native tone and cadence of its natural inflections;
it has perfectly put on the native tone and cadence of a
stranger's; yet it is always what it was at first—lingua
romana in bocca tedesca. It speaks not only with more
vigour but actually with more swectness than the tongues of
its teachers; but it speaks after its own fashion no other
[p. 3] than the lesson they have taught. Chaucer was in the main
a French or Italian poet, lined thoroughly and warmly
throughout with the substance of an English humourist. And
with this great gift of specially English humour he combined,
naturally as it were and inevitably, the inseparable twin-born
gift of peculiarly English pathos. ... Dante represents,
at its best and highest, the upper class of the dark ages
not less than he represents their Italy; Chaucer repre¬
sents their middle class at its best and wisest, not less
than he represents their England; Villon represents their
lower class at its worst and its best alike even more
than he represents their France. And of these three the
English middle class, being incomparably the happiest and
wisest, is indisputably, considering the common circumstances
of their successive times, the least likely to have left us the
highest example of all poetry then possible to men. And of
their three legacies, precious and wonderful as it is, the
Englishman’s is accordingly the least wonderful and the least
precious. The poet of the sensible and prosperous middle
class in England had less to suffer and to sing than the
theosophic aristocrat of Italy, or the hunted and hungry
vagabond. ...
[p. 5] But in happy perfection of manhood the great and
fortunate Englishman almost more exceeds his great and
unfortunate fellow-singers than he is exceeded by them in
depth of passion and height of rapture, in ardour and intensity
of vision or of sense. With the single and sublimer
exception of Sophocles, he seems to me the happiest of all
great poets on record; their standing type and sovereign
example of noble and manly happiness.
[p. 152] [Comparison between Chaucer and Wordsworth. Chaucer
superior in breadth of human interest, in simplicity of varied
sympathies, in straightforward and superb command of his
materials as an artist, in warmth and wealth of humour, in
consummate power of narrative and in childlike manfulness of
compassionate or joyous emotion; but Wordsworth’s sublimity
is worth all the rest put together.]
[This last paragraph was added in 1886.]"
part3_p132_a1,Vol.2,part III,p132,1881.,"Braddon, Mary Elizabeth (","Mrs. Maxwell). Asphodel, 3 vols.
[Miss Braddon took all the chapter headings of this novel
from Chaucer.]
[""The reason of these quotations was this. Miss Braddon's 'Vixen' came out
serially; and week by week ","in the dull London winter brought the beautiful
wilful beroine hunting in the New Forest and loving her horses and hounds as
a fresh bright scene to one reader, F. J. Furnivall. He delighted in the book,
and told Mrs. Maxwell so with enthusiasm. She asked him to visit her at Richmond,
and afterwards, meaning to please him, a Chaucer and Shakspere man, put the above
Chaucer headings to the chapters in her next novel, and laid several of its scenes by
Avonside near Stratford. When the work was published, she sent a copy to Dr.
Furnivall, and he, not knowing the kind intent of it, was shocked to find its charming
heroine Daphne, made to commit suicide at the end. So, in his letter of thanks to
the generous authoress, he accused her of being a murderess, for killing his favourite
character. Then Mrs. Maxwell heaped coals of fire on his head by telling him how
she had tried to please him, and how he ought to have seen from the first that
Daphne's sad end was inevitable, and was prepared for from her first appearance.
Whereupon he repented, and apologized."" F. J. F]
"
part3_p133_a1,Vol.2,part III,p133,1881.,"Poole, Henry.","Westminster Abbey: A Study on Poets' Corner,
","[in] The Antiquary, October 1881, vol. iv, pp. 137, 139.
[p. 139] Having alluded to the probability that the table-tomb of
Chaucer was once against the screen of St. Benedict’s Chapel,
it may not be inopportune here to follow out the probable
story of it.
The tomb proper is evidently due to the period of the death
of Chaucer. Its quatre-foils bear his shield of arms, and
around at least three of the sides with [sic] the verge moulding,
wvhich probably bore a painted inscription. In 1556, there
was perhaps some necessity for totally removing the tomb, of
which advantage was taken by Chaucer's admirer, Nicholas
Brigham, to place it where it now is, and add to it a handsome,
though debased, canopy of Purbeck marble, and also a similar
marble slab, with a new inscription in Latin, that of the
marble table having become decayed and illegible. This slab
has undergone great decay and disintegration, so much so as
to almost totally obscure the inscription, as reported by Neale
in 1823 [or rather by E. W. Brayley in his History and
Antiquities of the Abbey Church of St. Peter, Westminster,
illustrated by J. P. Neale, 1818-23, vol. ii, 1823, q.v. above].
Fifty years' more disintegration followed with still further
obscuration, when the writer closely scrutinized and cleansed
the slab, discovering traces of all the letters but four.
Without any attempt to strengthen the engraving, the lettering
was developed by painting all the remaining traces with gold¬
coloured paint, and with the same pigment reproducing the
four absent letters; and now the inscription of 1558 is quite
distinct and perfectly durable.
The table of the tomb has lately been fully cleansed of dirt
and adhesions, beneath which the moulding, as well as much
of the surface, was found still to retain its original polish,
which the adhesion had preserved. Now the table displays
a fine specimen of the best Purbeck marble, which need never
become dull again."
part3_p133_a2,Vol.2,part III,p133,1883.,"Coote, Henry Charles.","Chaucer's Ten-Syllable Verse, ","[in] The
Antiquary, July 1883, vol. viii, pp. 5-8.
[p. 5] Chaucer's Troilus was not only the first heroic poem and
the first real display of poetic genius in the language of
mediæval England, but was the starting-point and departure
from which English metre took its best and still prevailing
form. ...
[p. 7] At the very threshold of his task [that of rendering the
Filostrato into English] he had a problem to solve. ...
There was no English verse at all fit for the transfer of the
Italian. He must accordingly invent a new one. ...
He knew of two metres only, always excepting those used for
ballads and such like, which were of course out of the question
here. Of these two metres, one was too short as the other was
too long for his taste. I mean, of course, the eight-syllabled
distichs of himself and Gower, and the popular twelve syllable
[p. 8] verse such as is exhibited in the rough tale of Gamelin. ...
He therefore elected to invent for the nonce an entirely new
metre of his own, and to apply it to his new task. There was
a mean between eight and twelve, viz. ten. He accordingly
invented a verse of ten syllables with varying and appropriate
cæsuræ; and utilized his new invention by translating the
Filostrato into it; and posterity ratified his choice by adopting
it as the only verse to be employed upon themes either great
or graceful. ...
The consequences of this invention of the ten-syllable metre
it is impossible to exaggerate or over-estimate. The obvious
outcome of it is simply this and no other: without it we
should have had no Shakespeare, Milton, Dryden, or Pope, in
the sense in which we now have these great masters. To
convince us of this, we have only to imagine Othello and
Hamlet, not as we now have them through the remote leader¬
ship of Chaucer in a verse framed upon his model, but told
either in the lilting measure of Calderon, or the drawling
Alexandrines of France. ... Of course Milton must have
been better than Cædmon, and Pope would have done his best
to surpass Butler even in his own light measure, but that is all.
From all this Chaucer saved English literature and the
English race. ..."
part3_p134_a1,Vol.2,part III,p134,1883.,"Fagan, Charles ",G. Chaucer ,"in Oxenforde, [in] The Oxford
Magazine, Feb. 14, 1883, vol. i, pp. 66-7.
At Oxenforde I sawe in that citee
Of yonge clerkes a ful gret compagnie,
and I wol nowe you tellen everich on
hir wone and eke of hir condicion.
An aesthete was there as I schell you tell,
that hadde of artë lernèd every del;
of Michael-Ange and Raffael and Giote
he couldë glosen of hem al by rote.
. . . . . . . .
A Schipman was there eke, a bote captáin
that woldë souffre mochel toil and payne
teachand the freschë clerkes howe to rowe,
[etc.]."
part3_p135_a1,Vol.2,part III,p135,1883.,"Koch, John.","A Critical Edition of some of Chaucer's 'Minor
Poems,' Berlin.
[An introduction treating of the orthography, etc., of the
early ","MSS. of Chaucer's Works is followed by a collated text
of I. An ABC. II. Chaucers Wordes vnto Adam, his owen
Scriveyn. III. The Former Age. IV. Fortune. V. Truth.
VI. Gentilesse. VII. Lack of Stedfastnesse. VIII. Lenvoy
de Chaucer a Bukton. IX. Lenvoy de Chaucer a Scogan.
X. La Compleinte de Chaucer a sa Bourse Voide; followed
by notes on each.]
1884. à Beckett, Gilbert Arthur, and Stanford, Sir Charles Villiers.
The Canterbury Pilgrims, Opera in 3 Acts, written by Gilbert à
Beckett, composed by C. Villiers Stanford.
[The scene of the 1st Act is the exterior of the Tabard
Inn, Southwark, at close of the 14th century. The characters
include Sir Christopher Synge, a knight of the shire, Geoffry
Blount, the Host of the Tabard, his wife and daughter and
apprentice, two other apprentices and Hal o' the Chepe.
In Act i, sc. 3, the Pilgrims enter in twos and threes slowly
assembling, the Merchant, Clerk, Doctor of Physick, etc.,
all with appropriate music.
This opera, written for the Carl Rosa Company, was first
performed at Drury Lane, on Wednesday, April 23rd, 1884.]"
part3_p135_a3,Vol.2,part III,p135,1884.,"Pitt-Taylor, Frank.","The Canterbury Tales; being selections
from the Tales of Geoffrey Chaucer rendered into Modern English
with close adherence ","to the Language of the Poet.
[Brief Preface, followed by modernizations of the Prologue
and Tales by the Knight, Man of Law, Prioress, Monk,
Nun's Priest, Doctor, Pardoner, Wife of Bath, Clerk, Second
Nun, Canon's Yeoman and Manciple, with occasional omission
of various passages. The Prologue begins:]
When April with its sweet refreshing rain,
After the drought of March, hath reached again
The roots, and bathed each vein with gentle shower,
Of which virtue engendered is the flower;
When, too, the Zephyr, with her sweetest breath,
Inspiréd hath in every grove and heath
The tender crops, and when the youthful sun. ..."
part3_p136_a1,Vol.2,part III,p136,1884.,"Swinburne, Algernon Charles.","A Midsummer Holiday, iii,
On a Country Road, ","pp. 9-11. (Poems, 1904, 6 vols., vol. vi,
[p. 9] Along these low pleached lanes, on such a day,
pp. 9-10.)
So soft a day as this, through shade and sun,
With glad grave eyes that scanned the glad wild way,
And heart still hovering o’er a song begun,
And smile that warmed the world with benison,
Our father, lord long since of lordly rhyme,
Long since hath haply ridden, when the lime
Bloomed broad above him, flowering where he came.
Because thy passage once made warm this clime,
Our father Chaucer, here we praise thy name.
[p. 10] Each turn of the old wild road whereon we stray,
. . . . . . . . . .
Meseems, might bring us face to face with one
Whom seeing we could not but give thanks, and pray
For England’s love our father and her son
To speak with us as once in days long done
With all men, sage and churl and monk and mime,
Who knew not as we know the soul sublime,
That sang for song’s love more than lust of fame.
Yet, though this be not, yet, in happy time,
Our father Chaucer, here we praise thy name.
Friend, even as bees about the flowering thyme,
Years crowd on years, till hoar decay begrime
Names once beloved; but, seeing the sun the same,
As birds of autumn fain to praise the prime,
Our father Chaucer, here we praise thy name."
part3_p136_a2,Vol.2,part III,p136,1885.,"Collins, John Churton.","The Predecessors of Shakespeare, ","[in]
The Quarterly Review, Oct. 1885, vol. clxi, p. 338. [Revised and
enlarged in Essays and Studies, 1895, pp. 106-7.]
The verdict of the age which immediately succeeds them
1887] Chaucer Criticism and Allusion. 137
[prose writers] is, as a rule, final. ... How different has
[p. 107] been the fate of poets! Take Chaucer. In 1500 his
popularity was at its height. During the latter part of the
sixteenth century it began to decline. From that date till the
end of William III's reign—in spite of the influence which
he undoubtedly exercised over Spenser, and in spite of the
respectful allusions to him in Sidney, Puttenham, Drayton,
and Milton—his fame had become rather a tradition than a
reality. In the following age the good-natured tolerance of
Dryden was succeeded by the contempt of Addison and the
supercilious patronage of Pope. Between 1700 and 1782
nothing seemed more probable than that the writings of the
first of England’s narrative poets would live chiefly in the
memory of antiquarians. In little more than half a century
afterwards we find him placed, with Shakespeare and Milton,
on the highest pinnacle of poetic renown."
part3_p137_a1,Vol.2,part III,p137,1887.,"Marshall, Isabel, Porter",", Lela, and Skeat, Walter William.
Ryme Index ","to the Manuscript Texts of Chaucer's Minor Poems.
By Miss I. Marshall and Miss L. Porter. With an introduction
and an appendix of ryme-indexes to some spurious poems ... by
W. W. Skeat.
[For use with the Parallel-Text edition, Chaucer Society, and reissued in 1889 for
use with the One-Text edition.]"
part3_p138_a1,Vol.2,part III,p138,1887.,"Stevenson, Robert Louis.","A Portrait, ","[in] Underwoods. (Works,
Edinburgh Edition, 1894-8, 28 vols., vol. xiv, p. 123.)
I am ""the smiler with the knife""..."
part3_p138_a2,Vol.2,part III,p138,1888.,"Furnivall, Frederick James.","Note, ","[in] The Academy, Dec. 22,
1888, Notes and News, vol. xxxiv, p. 403.
Dr. Furnivall writes:
""May I appeal through you for two volunteer editors for
the Chaucer Society? ... I want (1) somebody with access
to a large library, to compile 'The Praise of Chaucer'—all
allusions to him from his own day to (say) Dryden, and the
chief ones since; and (2) a history and record man to write
an 'England in Chaucer’s Time' (1300-1400)—a better
Godwin. ... The 'England in Chaucer’s Time' would form
a good foundation for an after 'History of England in the
Fourteenth Century'—a book much wanted.""
[The present work attempts to fulfil, and in some respects exceeds, the first of
these ideals laid down by Dr. Furnivall.]
"
part3_p139_a1,Vol.2,part III,p139,1889.,N/A,"22, 1888]. This
appeal, it is hoped, will soon find a fitting response; for a
history of opinion relating ","to Chaucer as a poet, which would
be made possible by such a collection of evidence, would con¬
stitute a novel and important adjunct to the history of English
Poetry. Just as the characteristics of the dramatists of the
Restoration Period may be understood by their treatment of
the plays of Shakespeare, so the repute of Chaucer at any
given time will serve to reveal much of the culture and of the
poetic fashions of that time.
[For Dr. Furnivall's appeal, to which the present work is a response, see
immediately above, 1888.]"
part3_p139_a2,Vol.2,part III,p139,1890.,"Koch, John.","The Chronology of Chaucer's Writings, &c. (Chaucer
Soc., 2nd series, 27.)
[A carefully reasoned argument, carrying forward the
researches of ten Brink, Morley and Skeat. At the end are
notes by Skeat on some doubtful points.]",
part3_p139_a3,Vol.2,part III,p139,1890.,"Manly, John Matthews.","Observations on the Language of
Chaucer's Legend of Good Women, ","[in] Harvard Studies and Notes
in Philology and Literature, 1893, vol. ii, pp. 1-120.
[Part of a dissertation prepared in 1890; modelled on
Professor G. L. Kittredge’s similar study of Troilus, then
(1893) in the press, q.v. below, 1894. Based on the
Cambridge MS. Gg. 4. 27]."
part3_p140_a1,Vol.2,part III,p140,1891.,"Butler, Samuel.","The Wife of Bath, [Note",", dated 1891, in] The
Notebooks of Samuel Butler, 1912, p. 262.
There are Canterbury Pilgrims every Sunday in summer
who start from close to the old Tabard, only they go by the
South-Eastern Railway and come back the same day for five
shillings. And, what is more, they are just the same sort of
people. If they do not go to Canterbury they go by the
Clacton Belle to Clacton-on-Sea. There is not a Sunday the
whole summer through but you may find all Chaucer's
pilgrims, man and woman for man and woman, on board the
Lord of the Isles or the Clacton Belle. Why, I have seen the
Wife of Bath on the Lord of the Isles myself. She was
eating her luncheon off an Ally Sloper's Half Holiday, which
was spread out upon her knees."
part3_p140_a3,Vol.2,part III,p140,1891.,"Lounsbury, Thomas Raynsford.",Studies ,"in Chaucer: His Life
and Writings. In three volumes, New York, 1891. [The London
issue, 1892, is in B. M.].
[The eight chapters or ""monographs"" which make up the
book are as follows:]
Vol. I. Chapter I.— The Life of Chaucer.
"" Chapter II.—The Chaucer Legend.
"" Chapter III.—The Text of Chaucer.
Vol. I. Chapter IV.—The Writings of Chaucer.
Vol. II. Chapter IV. (continued).—The Romance of the Rose.
"" Chapter V.—The Learning of Chaucer.
"" Chapter VI.—The Relations of Chaucer to the English
Language and to the Religion of his
Time.
Vol. III. Chapter VII.—Chaucer in Literary History.
"" Chapter VIII.—Chaucer as a Literary Artist.
"" Appendix.
[Vol. iii, I have sought to show that Chaucer was not only a great
p. 439]
artist, but that he became so at the cost of time and labour;
that in him, standing at the fountain-head of English litera¬
ture, the critical spirit was as highly developed as the creative.
... If we need further confirmation, we can find it in one
marked change that took place in his literary methods. In
his earlier work he introduces constantly characters that are
merely personifications of qualities or acts or sentiments.
In so doing he followed the practice of his immediate pre¬
decessors. As he advanced in knowledge and taste he shook
himself free from the trammels of this temporary fashion. He
abandoned almost entirely the field of abstractions in which
the men of his time delighted, and in which his contemporary
Langland was contented to remain. For the shadowy beings
who dwell in the land of types he substituted living men and
women; for the allegorical representations of feelings and
beliefs, the direct outpourings of passion. Changes of method
such as these are not the result of freak or accident. Chaucer,
accordingly, must stand or fall not merely by our opinion of
what he did, but by our knowledge that what he did was done
consciously. ...
It is impossible to take final leave of the poet without some
notice of what is on the whole the most pronounced character¬
[p. 441] istic of his style. This is the uniformly low level upon which
he moves. There is no other author in our tongue who has
clung so closely and so persistently to the language of common
life. Such a characteristic appealed strongly to the men who
led the revolt against the artificial diction that prevailed in
the poetry of the last century. It attracted in particular the
attention of Wordsworth. The course of his predecessor he
cited as an authority for the one which he himself adopted. ...
There have been many men of genius who have been able to
say grand things grandly. To the fewest of the few is re¬
served the achievement of the far harder task of discoursing
of mean things without discoursing meanly; of recounting the
prosaic events of life without becoming prosaic one's self; of nar¬
rating them in the plainest terms, and yet investing them with a
poetic charm. It is in the power of genius only to accomplish
this at all; but it is by no means in the power of all genius.
[p. 442] It is because he stayed so persistently on these low levels
that Chaucer was enabled to combine with apparent ease
characteristics and methods that are often deemed incompatible.
His words are the more effective because their very simplicity
makes upon the mind the impression of understatement. The
imagination of the reader fills in and exaggerates the details
which have been left half-told. It is owing to this restraint
of expression that whatever he says is not only at all times
and in all places free from literary vulgarity, it never loses the
dignity that belongs, as well in letters as in life, to consum¬
mate high-breeding. There is an exquisite urbanity in his
manner which gives it attractiveness as pervasive and yet as
indefinable as that which the subtle evanescent flavour of arch
allusion imparts to his matter. I do not mean by this to
convey the idea that Chaucer abounds in ornate and brilliant
passages, or that he is constantly saying remarkable things in
a remarkable way. It is simply that in dealing with the
common he is never common-place. ... As a further result
of this absolute naturalness, he is enabled to pass from the
gravest to the lightest topics without giving the reader the
[p. 443] slightest sensation of shock. ... His freedom, indeed, verges
at times upon audacity. In the Knight's tale, for illustration,
following close upon the high-wrought description of the great
tournament comes the recital of the methods taken by the
physicians to save the life of the victor in the struggle. The
failure they meet with is told in the simplest terms. Their
efforts were fruitless because they received no help from nature.
Suddenly the poet interposes his own comment on the useless¬
ness, under such conditions, of the medical art in words like
these :—
""And certainly there nature will not wirche
Farewell, physic! Go! bear the man to church!""
With this quaint expression of personal opinion, he passes at
once to the pathetic parting-scene between the dying lover
and the woman for whom he is about to die. Yet these rapid
transitions do not produce upon the mind any effect of inap¬
propriateness or incongruity. Tears and laughter stand side
by side in Chaucer's verse as they do in life ...
[p. 444] I am not claiming for Chaucer that he is one of the few
supremest poets of the race. His station is near them, but he
is not of them. Yet, whatever may be the rank we accord
him among the writers of the world’s chief literatures, the
position he holds in his own literature is one that can no
longer be shaken by criticism or disturbed by denial. ...To
one alone among the writers of our own literature is he
inferior. Nor even by him has he been surpassed in every
way. There are characteristics in which he has no superior,
and, it may be right to add, in which he has no equal. ...
There is one particular in wwhich his merits in reference to the
literature are transcendent. He overcame its natural tendencies
to a dull seriousness which could sometimes be wrought into
vigorous invective, but had little power to fuse the spiritual
element of poetry with the purely intellectual. Into the stolid
English nature, which may be earnest, but evinces an almost
irresistible inclination towards heaviness, he brought a light¬
ness, a grace, a delicacy of fancy, a refined sportiveness even
upon the most unrefined themes which had never been known
[p. 445] before save on the most infinitesimal scale, and has not been
known too much since.
Nor is this the only distinctive characteristic in which
Chaucer excels. There is no other English author so absolutely
free, not merely from effort, but from the remotest suggestion
of effort. Shakspeare mounts far higher; yet with him
there are times when we seem to hear the flapping of the
wings, to be vaguely conscious that he is lashing his imagina¬
tion to put forth increased exertions. But in Chaucer no
slightest trace of strain is to be detected. As on the lower levels
the line never labours, so on the higher he never makes the
impression that he is trying to make an impression. It is the
absolute ease with which he rises that often prevents our per¬
ceiving how rapidly he has risen. ... Nor is it alone for the
naturalness and ease which result from this union of strength
and simplicity that the greatest of his successors have delighted
to honour the poet. Full as willingly have they paid homage
to the qualities of character displayed in his works as to those
of intellect; in perfect serenity of spirit as well as in perfect
sanity of view; in the large-hearted toleration which could
[p. 446] not speak bitterly even of the vicious; in the gracious worldli¬
ness which never hardened into the callousness of insensibility;
in the manly tenderness which never degenerated into senti¬
mentality; in the repose of conscious strength which never
wearied itself or worried itself in striving for effect;—in all
these characteristics the royal line of English poets has never
refused to acknowledge the supremacy of him whom it
recognizes as its founder."
part3_p144_a1,Vol.2,part III,p144,1892.,"Kittredge, George Lyman.","The Authorship of the English
Romaunt of the Rose, ","[in] Harvard Studies and Notes in Philology
and Literature, Boston, Mass., 1892, vol. i, pp. 1-65.
[A detailed examination and rejection of Lounsbury’s claim
that the M. E. Romaunt is Chaucer's, in his Studies in Chaucer,
q.v. above, 1891. Professor Kittredge says in conclusion:]
[p. 65] The affirmative evidence brought forward by Mr. Lounsbury,
when reduced to its lowest terms, we have found to be
entirely consistent with the belief that the translation is not
by Chaucer, but by an imitator. The negative evidence, on
the other hand, from dialect, grammar, and metre, if it does
not show conclusively that Chaucer and the translator were
two persons, still creates the strongest kind of probability in
favour of that supposition. We must therefore be allowed to
prefer the theory that is in accordance with all the facts to the
theory that is strongly opposed to the most significant of them,
and to believe that the Romaunt is not Chaucer's, with the
possible exception of the first seventeen hundred lines."
part3_p144_a2,Vol.2,part III,p144,1893.,"Pollard, Alfred William.","Chaucer, [one of the] Literature
Primers, edited by J. R. Green.
[Dr. Furnivall was originally invited ","to write the Primer
on Chaucer for this series: see above, Green, 1877. In the
little book, as finally written by Mr. Pollard, the chapters
are: Introduction; Chaucer, the King’s Servant; Chaucer,
the Student; The Contents and Order of Chaucer's Writings
(also the Canon); Poems of Chaucer's First Period; Poems
of Chaucer's Second Period—Chaucer at work on Italian
Models; The Canterbury Tales; Later Minor Poems—Chaucer's
rank as a Poet (a comparison with Shakespeare); Appendix—
Chaucer's Metre and Versification—Spurious and Doubtful
Works. The author, while summarising the best knowledge,
offers throughout much fresh and suggestive criticism.]
[p. 75] It was by service in the King’s Court, on diplomatic
missions, and at the Custom House, that a living had to be
earned and a substantial position won; and it is to these
objects, trivial in his case as we may now think them, that
[p. 76] Chaucer appears to have devoted the best years of his life. ...
If Shakspere had died in his thirtieth year he would have
been remembered as a botcher of a few poor plays, and the
author of Venus and Adonis, the Midsummer Night's Dream,
and Richard III. Where Shakspere botched Chaucer trans¬
lated, and the charm of a few hundred lines in the Death of
Blaunche and the pathos of the stories of Grisilde and Con¬
stance are the chief titles to remembrance of all the work he
did on the younger side of forty. From the very first he is
distinguished from his contemporaries by the music of his
verse; but the humour, the insight into character, the know¬
ledge of life, the entire mastery of words, the essential
qualities, that is, which we now connect with his name, all
came to Chaucer exceptionally late.
[p. 116] The portraits [in the Prologue], we should note, are all
such as one traveller might draw of another. There is no
attempt to show that the best of the pilgrims had their weak
points, and the worst their good ones. For the best Chaucer
has hearty admiration, for the worst a boundless tolerance,
which yet only thinly cloaks the keenest satire. One and
all he views from his holiday standpoint, building up his
descriptions with such notes as he would naturally gather
as he rode along with them on his pilgrimage—notes of dress,
of speech, of manner, of their talk about themselves and
their doings, until we can see his fellow-pilgrims as clearly
as if we too had mounted our rouncies and ridden along
with them."
part3_p148_a1,Vol.2,part III,p148,1894.,"Kittredge, George Lyman.","Observations on the Language of
Chaucer's Troilus, Chaucer Society, 1894 [issue for 1891]. (Also
issued as ","vol. iii of Harvard Studies and Notes in Philology and
Literature, Boston, 1894.)
[A detailed and most valuable linguistic study, based on
the readings of four MSS.: Campsall, Harl. 2280; Camb.,
Gg. 4, 27; and Harl. 3943, all as edited for the Chaucer
Society by Dr. Furnivall. It consists of (1) a Grammatical
Chapter in which the forms occurring in Troilus are recorded
and analysed; and (2) a Metrical Chapter, with special
reference to final e.]"
part3_p148_a2,Vol.2,part III,p148,1894.,"Pollard, Alfred William.","See above, Chaucer's Canterbury
Tales.",
part3_p148_a3,Vol.2,part III,p148,1894-7.,"Skeat, Walter William.","See above, The Complete Works of
Geoffrey Chaucer.",
part3_p148_a4,Vol.2,part III,p148,1895.,"Ker, William Paton.","The Poetry of Chaucer, [review of] The
Complete Works of Geoffrey Chaucer, edited by the Rev. Walter
W. Skeat, ","[in] The Quarterly Review, April, 1895, vol. clxxx,
pp. 521-48. [The greater part of this article, that which is more
directly concerned with Chaucer's poetry, i. e. pp. 534-47, is re¬
printed, with slight verbal changes and omissions, in Essays on
Medieval Literature, by W. P. Ker, 1905, pp. 76-100.]
[The importance of Skeat's edition. Its supreme merit is
that it has cleared the poems of Chaucer from blunders of
language and rhythm, which in former editions interrupted
the flow of the verse, pp. 521-2. Chaucer's art and versi¬
fication, with especial reference to Dryden’s criticism, pp.
522-3.]
[p. 522] With regard to some of the strongest parts of Chaucer's
poetry, no later writer has been able to add anything essenti¬
ally new to the estimate given by Dryden. 'Here is God’s
plenty' is still the best criticism ever uttered on the“Canter¬
bury Tales.'
[There is some justification for Dryden’s censure of Chaucer's
verse, p. 523. Decay of metrical ability after Chaucer, and
Skeat's method in adopting readings, pp. 524-5. Examples
of Skeat’s emendations and readings, pp. 525-6. Account of
the contents of the volumes, with the comment that ""the
Clarendon Press has done little to relieve the general aspect of
sobriety, much at variance with the demeanour of the contents,
and very unlike the appearance of the illuminated books from
which the poems are copied,"" pp. 526-7. Complaint of the over¬
insistence on Dr. Furnivall’s classification of the groups of the
Canterbury Tales, pp. 527-8. On Skeat’s introductions, his
metrical symbols, his remarks on Chaucer’s vowels and Kentish
forms and knowledge of Old French verse—any possible flaws
in which do not prejudice his handling of the texts, pp. 528-
31. The texts of the Romaunt, Troylus and the Legende
acknowledged and praised, p. 532. Skeat’s abstention from
literary criticism, and reference of the reader to Lowell’s essay,
deprecated, p. 533. Comparison of Chaucer and Dante in their
use of mediæval habit and fashion, pp. 534-5. Historical
commentary on Chaucer inevitable and useful, pp. 535-6.
On Skeat's statement of the debt in the Hous of Fame
to Dante, and the general independence of Chaucer's poem,
p. 537. How much of Chaucer's genius can be seen outside
the Canterbury Tales, pp. 537-8.]
[p. 538] It is difficult to speak moderately of Chaucer's ""Troilus.""
It is the first great modern book in that kind where the most
characteristic modern triumphs of the literary art have been
won; in the kind to which belong the great books of Cer¬
vantes, of Fielding, and of their later pupils—that form of
story which is not restricted in its matter in any way, but is
capable of taking in comprehensively all or any part of the
aspects and humours of life. No other mediæval poem is rich
and full in the same way as ""Troilus"" is full of varieties of
character and mood. It is a tragic novel, and it is also strong
enough to pass the scrutiny of that Comic Muse who detects
the impostures of inflated heroic and romantic poetry. More
than this, it has the effective aid of the Comic Muse in that
alliance of tragedy and comedy which makes an end of all
the old distinctions and limitations of narrative and drama.
and proportion of Troilus, pp. 539-40. The Knightes Tale
[Troilus and the Filostrato, pp. 538-9. The dignity, beauty
and the Teseide, pp. 540-1. Chaucer's different handling of
the Troilus and Knightes Tale themes, pp. 541-3. Chaucer's
changes of handling throughout his works, p. 543. The
House of Fame an indulgence in mediæval vanities, pp. 544-5.
Contradictions and problems of the Canterbury Tales, pp.
544-7.]"
part3_p150_a2,Vol.2,part III,p150,1896.,"Morris, William","; Ellis, F. S.; Burne-Jones, Sir Edward;
Hooper, W. H. See supra: The Works of Geoffrey Chaucer
('Kelmscott Chaucer').",
part3_p150_a3,Vol.2,part III,p150,1898.,N/A,"Frank Heath, Mark H. Liddell, W. S. McCormick. (The
Globe Edition.)
[","p. ix] [Preface by A. W. Pollard.]
In the division of labour ... I have myself remained
responsible for the Canterbury Tales, the Legende of Good
Women, the Glossary, and the General Introduction;
Professor Liddell has taken the Boece, the Treatise on the
Astrolabe, and the Romaunt of the Rose; Professor
McCormick, Troilus and Criseyde; Dr. Heath, the Hous of
Fame, Parlement of Foules, and all the shorter pieces. ...
We [the editors] all believe that in the present state of our
knowledge the most conservative treatment, consistent with
the necessities of common sense and the known rules of
Chaucerian usage, is also the best.
and history of the edition, its abortive undertaking by Henry
[Mr. Pollard in the Preface gives an account of the genesis
Bradshaw (see above, 1864, Works), Aldis Wright, Skeat, and
Furnivall, and its relation to the ""library edition,"" ultimately
edited by Skeat in 1894 (q.v.). The Introduction consists of
a cautious biography setting out only the known external
facts of Chaucer's life, followed by a more tentative chrono¬
logical account of his writings. Special introductions by the
various responsible editors then precede the text.]"
part3_p151_a1,Vol.2,part III,p151,1898.,"Pollard, Alfred William","; Heath, Sir Henry Frank; Liddell,
Mark Harvey; McCormick, Sir William Symington. See supra:
The Works of Geoffrey Chaucer (Globe edition).",
part3_p151_a2,Vol.2,part III,p151,1900.,"Skeat, Walter William.","The Chaucer Canon, with a discussion
of the works associated with the name of Geoffrey Chaucer.
[The argument starts from the admitted genuineness of the
Canterbury Tales; Chaucer's grammatical practice ","in the
Squieres Tale, and that of the Ormulum and the metre and
rhyme-tests of the Tales are analysed; the conclusions are
applied to the poems of whose genuineness there is external
testimony, and then in succession to the non-Chaucerian
pieces printed by Thynne, Stowe, Speght, Urry, etc.]
[p. v] Much that is here said is necessarily repeated from what I
have already advanced in my six volume edition of Chaucer
and in the supplementary volume entitled Chaucerian Pieces;
but, [with other new matter] ... the account here given of
the striking parallel between Chaucer's grammatical usages
and the regular employment of various grammatical suffixes
in the unassailable text of the Ormulum is, to the best of my
belief, wholly new, and adds much firmness and certainty to
the whole argument. ...
The argument which I adduce is briefly this. The extreme
regularity of the metre of the Ormulum enables us to deduce
[p. vi] with certainty the circumstances under which grammatical
inflexions are employed in it. Precisely similar inflexions
occur in the genuine works of Chaucer, but not (speaking
generally) in works which have erroneously been connected
with his name.
Further, the genuine works, and these only, satisfy various
rime-tests which are duly explained, and are all deducible
from the Canterbury Tales; and in this way the true Chaucer
Canon can be established.
"
part3_p123_a4,Vol.2,part III,p123,1879-80.,"Chaucer, Geoffrey.","The Poetical Works of Chaucer,","to which are appended
poems attributed to Chaucer, edited by Arthur Gilman, 3 vols.,
Boston, 1880.
[Gilman's edition of Chaucer is the first considerable use
made, by way of an edition, of the work of Furnivall and
the Chaucer Society. In the case of the Canterbury Tales,
the text was based on the Ellesmere MS., which was collated
with others. It was considered advisable ""not to burden
the volume with the various readings."" The line-numbers
of Tyrwhitt’s edition are given in parentheses every fiftieth
line, and in the prose tales every tenth break in the six-text
edition is indicated. The greatest praise and thanks are
given to the Chaucer Society. The edition is also indebted
to the labours of Child, Skeat, Morris, Bradshaw and ten
Brink.
The Biography entitled The Times and the Poet is by the
editor, and is divided into sections: i. The Outer Life;
ii. The Social Life; iii. The Poet’s Life; iv. The Poet’s
Works; v. The Poet's Genius. A Section On Reading
Chaucer follows with information on pronunciation, stress
and scansion. Sections on Astrological Terms and Biblical
References follow. The Tales are divided into four days'
recital.
The apocryphal pieces include: Proverbe of Chaucer,
Balade de Visage, etc., Court of Love, Flower and Leaf, Cuckow
and Nightingale, Praise of Women, Chaucer’s Dream, Virelai
(Alone walkyng,"" etc.), Chaucer’s Prophesy and Go Forth
King.
The biography is dated 1879; the volumes were published
in 1880.]"
part3_p135_a2,Vol.2,part III,p135,1884.,"à Beckett, Gilbert Arthur, and Stanford, Sir Charles Villiers.","The Canterbury Pilgrims,","Opera in 3 Acts, written by Gilbert à
Beckett, composed by C. Villiers Stanford.
[The scene of the 1st Act is the exterior of the Tabard
Inn, Southwark, at close of the 14th century. The characters
include Sir Christopher Synge, a knight of the shire, Geoffry
Blount, the Host of the Tabard, his wife and daughter and
apprentice, two other apprentices and Hal o' the Chepe.
In Act i, sc. 3, the Pilgrims enter in twos and threes slowly
assembling, the Merchant, Clerk, Doctor of Physick, etc.,
all with appropriate music.
This opera, written for the Carl Rosa Company, was first
performed at Drury Lane, on Wednesday, April 23rd, 1884.]"
part3_p137_a2,Vol.2,part III,p137,1887.,Morris. William.,"Feudal England,","[in] The Commonweal,
nos. 84-87. [Reprinted, with slight alterations (as Lecture 3), in
Signs of Change, 1887, pp. 73-5.]
[No.87,
[The central period of the Middle Ages in England] has a
p. 282]
literature of its own too, somewhat akin to its art, yet inferior
to it, and lacking its unity, since there is a double stream
in it. On the one hand the Court poet, the Gentleman,
Chaucer, with his Italianizing metres, and his formal recog¬
nition ot the classical stories; on which, indeed, he builds a
superstructure of the quaintest and most unadulterated
mediævalism, as gay and bright as the architecture which
his eyes beheld and his pen pictured for us, so clear, defined
and elegant; a sunny world even amidst its violence and
passing troubles, like those of a happy child, the worst of
them are amusement rather than a grief to the onlookers;
a world that scarcely needed hope in its eager life of adventure
and love, amidst the sunlit blossoming meadows, and green
woods and white begilded manor-houses. A kindly and
human muse is Chaucer’s, nevertheless, interested in and
amused by all life, but of her very nature devoid of strong
aspirations for the future; and that all the more, since,
though the strong devotion and fierce piety ot the ruder Middle
Ages had by this time waned, and the Church was more often
lightly mocked than either feared or loved, still the habit
ot looking on this life as part of another yet remained: the
world is fair and full of adventure; kind men and true and
noble are in it to make one happy; fools also to laugh at, and
rascals to be resisted, yet not wholly condemned; and when
this world is over we shall still go on living in another which
is a part of this. Of this picture, note all and be as merry
as you may, never forgetting that you are alive and that it
is good to live.
That is the spirit of Chaucer's poetry; but alongside of it
existed yet the ballad poetry of the people ... [and what]
you may call Lollard poetry, the great example of which is
William Langland’s ""Piers Plowman."" It is no bad cor¬
rective to Chaucer, and in form at least belongs wholly to the
popular side.
[For Skeat see below, 1888.]"
part3_p139_a4,Vol.2,part III,p139,1891.,Unknown.,[To Rosemounde.],"[Professor Skeat discovered the text of the balade To
Rosemounde in MS. Rawlinson Poet. 163, and contributed it
to the Athenaeum, April 4, 1891; he also had it privately
printed in a double leaflet at about the same time, but we
have not been able to see this. See Hammond, Chaucer,
p. 460.]"
part3_p140_a2,Vol.2,part III,p140,1891.,"K[er], W[illiam] P[aton].","Of Chaucer's Rosemounde, Balade to
yᵉ Makeres,","[in] The Oxford Magazine, April 29, 1891, vol ix,
p. 305.
[Occasioned by Professor Skeat's discovery of To Rosemounde.]
Maisters that in the goodly sees divyne
the brighte Apolo with the laurer grounde,
we thanken yow that of youre hye ingyne
on erthe yit the crommes ben yfounde:
loo Aristotle in Egipte under grounde
that of Athenes wroot the governaunce,
and Chaucer thy balade of Rosemounde
of joye encresing oure inheritaunce.
. . . . . . .
L’Enuoy.
Go litel lewede rimes cercling rounde,
loketh ye be nat blamed of bobaunce
ther sortil [sic] lore is and the craft profounde
of joye encresing our inheritaunce."
part3_p145_a1,Vol.2,part III,p145,1894.,"Chaucer, Geoffrey.","Chaucer's Canterbury Tales,","edited with notes and introduc¬
tion by Alfred W. Pollard. 2 vols. (In Macmillan’s ""Eversley
Series."")
[The text is preceded by an Introduction in which, after a
statement as to the history of the edition and its relation to
the projected Library Edition and as to the treatment of the
text, the editor outlines Chaucer's progress from slavish trans¬
lation in the early Second Nonnes Tale, through the Clerkes
Tale, Troilus and Knightes Tale, to complete freedom from his
source or analogue in his latest work, such as the Prioresses,
Reves and Pardoneres Tales.]"
part3_p146_a1,Vol.2,part III,p146,1894-97,"Chaucer, Geoffrey.",The Complete Works of Geoffrey Chaucer.,"Edited ...
by ... W. W. Skeat, 7 vols.
[The chief contents are: Vol. I, Life of Chaucer, etc.;
Romaunt of the Rose and Minor Poems, with introductions
and notes. (See also vol. iv below, for additions to Minor
Poems.)
Vol. II: Boethius and Troilus, with introductions and
notes.
Vol. III: House of Fame; Legend of Good Women;
Astrolabe, with introductions and notes. An Account of the
Sources of the Canterbury Tales.
Vol. IV: The Canterbury Tales, in groups A to I, with
the Tale of Gamelyn as an appendix; Introduction on the
MSS. and the plan of the Tales adopted. The Introduction
contains also three Minor Poems additional to those in vol. i.
Vol. V: Notes to the Canterbury Tales, with an Intro¬
duction on the Chaucer Canon; the earlier editions; the
Text of the Canterbury Tales; Chaucer's scansion, accentu¬
ation and pronunciation; with rules for reading and a note on
modernised spelling.
Vol. VI: General Introduction, discussing the texts of the
various pieces; the editor’s obligations to others; the dialect
of Chaucer; his Kenticisms; pronunciation; scansion and
accents; open and close o and e, etc.; rime; assonances; final
y and ye; metres and forms of verse; analysis of Chaucer's
language and grammar; versification; his authorities. Glos¬
saries, indices, etc.
Vol. VII (Supplementary Volume), Chaucerian and other
Pieces, contains:
Introduction on the (selected) apocryphal pieces, generally
and individually, and the texts as follows, concluding with
indices, etc.:
I. Testament of Love (Usk).
II. Plowman’s Tale.
III. Jack Upland.
IV. Gower's Praise of Peace.
V. Hoccleve’s Letter of Cupid.
VI. To the Kinge's most noble Grace
To the Lordes and Knightes of the Hoccleve.
Garter
VII. Scogan’s Moral Ballade.
VIII. Lydgate's Complaint of the Black Knight.
IX. Lydgate’s Flour of Curtesye.
X. Lydgate’s Balade in Commendation of our Lady.
XI. To my Soverain Lady (Lydgate).
XII. Ballad of Good Counsel (Lydgate).
XIII. Beware of Doubleness (Lydgate).
XIV. Balade Warning Men to Beware of Deceitful
Women (Lydgate).
XV. Three Sayings (Lydgate).
XVI. Ros's La Belle Dame sans Mercy.
XVII. Henryson’s Testament of Cressid.
XVIII. Clanvowe’s Cuckoo and Nightingale.
XIX. Envoy to Alison.
XX. Flower and Leaf.
XXI. Assembly of Ladies.
XXII. Goodly Balade (Lydgate).
XXIII. Go Forth, King (Lydgate).
XXIV. Court of Love.
XXV. A Virelai.
XXVI. Prosperity (John Walton).
XXVII. Leaulte vault Richesse.
XXVIII. Sayings printed by Caxton.
XXIX. Balade in Praise of Chaucer.
[vol. vi. In the first place, my endeavour has been to produce a
p. ix]
thoroughly sound text, founded solely on the best MSS. and
the earliest prints, which shall satisfy at once the requirements
of the student of language and the reader who delights in
poetry. In the interest of both, it is highly desirable that
Chaucer’s genuine works should be kept apart from those
which were recklessly associated with them in the early
editions, and even in modern editions have been but imper¬
fectly suppressed. It was also desirable, or rather absolutely
necessary, that the recent advances in our knowledge of middle-
English grammar and phonetics should be rightly utilized,
and that no verbal form should be allowed to appear which
would have been unacceptable to a good scribe of the
fourteenth century.
I have also provided a large body of illustrative notes, many
of them gathered from the works of my predecessors, but
enlarged by illustrations due to my own reading during a long
course of years, and by many others due to the labours of the
[p. x] most recent critics. The number of allusions that have been
traced to their origin during the past fifteen years is consider¬
able; and much additional light has thus been thrown upon
Chaucer's method of treating his originals. ...
[p. xviii] As regards the texts, my chief debt is to the Chaucer
Society, which means, practically, Dr. Furnivall, through
whose zeal and energy so many splendid and accurate prints of
the MSS. have been produced, thus rendering the actual read¬
ings and spellings of the scribes accessible to students in all
countries. It is obvious that, but for such work, no edition of
Chaucer could have been attempted without an enormous
increase of labour and a prodigal expenditure of time."
part3_p150_a1,Vol.2,part III,p150,1896.,"Chaucer, Geoffrey.","The Works of Geoffrey Chaucer,","now newly imprinted.
Edited by F. S. Ellis; ornamented with pictures designed by Sir
Edward Burne-Jones, and engraved on wood by W. H. Hooper.
Printed by me, William Morris, at the Kelmscott Press, Hammer¬
smith, 1896.
[The great folio 'Kelmscott Chaucer.' It took three years
and four months to prepare and execute, the printing alone
occupying a year and nine months. It has 87 pictures by
Burne-Jones; and, in addition, a full page woodcut title,
14 large borders, 18 borders for the pictures, and 26 large
initial words, as well as ornamental initial letters, all designed
by William Morris. See The Life of William Morris, by
J. W. Mackail, 1899, vol ii, chaps. xx, xxi.]"
part3_p152_a1,Vol.2,part III,p152,1900,"S[keat], W[alter] W[illiam].","In Honorem F. J. F., [issued
separately, and inserted in] An English Miscellany presented to Dr.
Furnivall on his 75th birthday,"," Oxford, 1901.
IN HONOREM F. J. F. (A.D. 1900).
(From MS. Harl. 7334, fol. 999, back.)
A Clerk ther was of Cauntebrigge also,
That unto rowing haddè longe y-go.
Of thinnè shidès wolde he shippès makè,
And he was nat right fat, I undertakè.
And whan his ship he wrought had attè fullè,
Right gladly up the river wolde he pullè,
And eek returne as blythly as he wentè.
Him rekkèd nevere that the sonne him brentè,
Ne stinted he his cours for regn ne snowè;
It was a joyè for to seen him rowè!
Yit was him lever, in his shelves newè,
Six oldè textès, clad in greenish hewè,
Of Chaucer and his oldè poesyè
Than ale, or wyn of Lepe, or Malvoisyè.
And therwithal he wex a philosofre;
And peynèd him to gadren gold in cofre
Of sundry folk; and al that he might hentè.
On textes and emprinting he it spentè;
And busily gan bokès to purveyè
For hem that yeve him wherwith to scoleyè.
. . . . . . . . .
Souning in Erly English was his spechè,
""And gladly wolde he lerne, and gladly techè."""